Company,Sector,City,State,Ceo_woman,lat,long
Walmart,Retailing,Bentonville,AR,no,36.3728538,-94.2088172
Amazon,Retailing,Seattle,WA,no,47.6038321,-122.330062
Apple,Technology,Cupertino,CA,no,37.3228934,-122.0322895
CVS Health,Health Care,Woonsocket,RI,yes,42.0028761,-71.5147839
UnitedHealth Group,Health Care,Minnetonka,MN,no,44.9405086,-93.4638936
Exxon Mobil,Energy,Irving,TX,no,32.8295183,-96.9442177
Berkshire Hathaway,Financials,Omaha,NE,no,41.2587459,-95.9383758
Alphabet,Technology,Mountain View,CA,no,49.133333,-113.6
McKesson,Health Care,Irving,TX,no,32.8295183,-96.9442177
AmerisourceBergen,Health Care,Conshohocken,PA,no,40.0792766,-75.3015714
Costco Wholesale,Retailing,Issaquah,WA,no,47.5348778,-122.0432974
Cigna,Health Care,Bloomfield,CT,no,41.826488,-72.7300945
AT&T,Telecommunications,Dallas,TX,no,32.7762719,-96.7968559
Microsoft,Technology,Redmond,WA,no,47.6694141,-122.1238767
Cardinal Health,Health Care,Dublin,OH,no,40.0992294,-83.1140771
Chevron,Energy,San Ramon,CA,no,37.7648021,-121.9544387
Home Depot,Retailing,Atlanta,GA,no,33.7489924,-84.3902644
Walgreens Boots Alliance,Food & Drug Stores,Deerfield,IL,yes,42.1711365,-87.8445119
Marathon Petroleum,Energy,Findlay,OH,no,41.0413873,-83.6503982
Elevance Health,Health Care,Indianapolis,IN,yes,39.7683331,-86.1583502
Kroger,Food & Drug Stores,Cincinnati,OH,no,39.1014537,-84.5124602
Ford Motor,Motor Vehicles & Parts,Dearborn,MI,no,42.3222599,-83.1763145
Verizon Communications,Telecommunications,New York,NY,no,40.7127281,-74.0060152
JPMorgan Chase,Financials,New York,NY,no,40.7127281,-74.0060152
General Motors,Motor Vehicles & Parts,Detroit,MI,yes,42.3315509,-83.0466403
Centene,Health Care,St. Louis,MO,yes,38.6280278,-90.1910154
Meta Platforms,Technology,Menlo Park,CA,no,37.4519671,-122.177992
Comcast,Telecommunications,Philadelphia,PA,no,39.9527237,-75.1635262
Phillips 66,Energy,Houston,TX,no,29.7589382,-95.3676974
Valero Energy,Energy,San Antonio,TX,no,29.4246002,-98.4951405
Dell Technologies,Technology,Round Rock,TX,no,30.5085915,-97.6788056
Target,Retailing,Minneapolis,MN,no,44.9772995,-93.2654692
Fannie Mae,Financials,Washington,DC,no,38.8950368,-77.0365427
United Parcel Service,Transportation,Atlanta,GA,yes,33.7489924,-84.3902644
Lowe's,Retailing,Mooresville,NC,no,35.5848596,-80.8100724
Bank of America,Financials,Charlotte,NC,no,35.2272086,-80.8430827
Johnson & Johnson,Health Care,New Brunswick,NJ,no,40.4862174,-74.4518173
Archer Daniels Midland,"Food, Beverages & Tobacco",Chicago,IL,no,41.8755616,-87.6244212
FedEx,Transportation,Memphis,TN,no,35.1460249,-90.0517638
Humana,Health Care,Louisville,KY,no,38.2542376,-85.759407
Wells Fargo,Financials,San Francisco,CA,no,37.7790262,-122.419906
State Farm Insurance,Financials,Bloomington,IL,no,40.4797828,-88.9939147
Pfizer,Health Care,New York,NY,no,40.7127281,-74.0060152
Citigroup,Financials,New York,NY,yes,40.7127281,-74.0060152
PepsiCo,"Food, Beverages & Tobacco",Purchase,NY,no,41.0409305,-73.7145746
Intel,Technology,Santa Clara,CA,no,37.3541132,-121.955174
Procter & Gamble,Household Products,Cincinnati,OH,no,39.1014537,-84.5124602
General Electric,Industrials,Boston,MA,no,42.3554334,-71.060511
IBM,Technology,Armonk,NY,no,41.1264847,-73.7139777
MetLife,Financials,New York,NY,no,40.7127281,-74.0060152
Prudential Financial,Financials,Newark,NJ,no,40.735657,-74.1723667
Albertsons,Food & Drug Stores,Boise,ID,no,43.6166163,-116.200886
Walt Disney,Media,Burbank,CA,no,34.1812089,-118.307201
Energy Transfer,Energy,Dallas,TX,no,32.7762719,-96.7968559
Lockheed Martin,Aerospace & Defense,Bethesda,MD,no,38.9814093,-77.1178538
Freddie Mac,Financials,McLean,VA,no,38.9342888,-77.1776327
Goldman Sachs Group,Financials,New York,NY,no,40.7127281,-74.0060152
Raytheon Technologies,Aerospace & Defense,Waltham,MA,no,42.3756401,-71.2358004
HP,Technology,Palo Alto,CA,no,37.4443293,-122.1598465
Boeing,Aerospace & Defense,Chicago,IL,no,41.8755616,-87.6244212
Morgan Stanley,Financials,New York,NY,no,40.7127281,-74.0060152
HCA Healthcare,Health Care,Nashville,TN,no,36.1622767,-86.7742984
AbbVie,Health Care,North Chicago,IL,no,42.325578,-87.8411818
Dow,Chemicals,Midland,MI,no,43.6155825,-84.2472117
Tesla,Motor Vehicles & Parts,Austin,TX,no,30.2711286,-97.7436995
Allstate,Financials,Northbrook,IL,no,42.128704,-87.8265089
American International Group,Financials,New York,NY,no,40.7127281,-74.0060152
Best Buy,Retailing,Richfield,MN,yes,44.8766431,-93.2877877
Charter Communications,Telecommunications,Stamford,CT,no,41.0534302,-73.5387341
Sysco,Wholesalers,Houston,TX,no,29.7589382,-95.3676974
Merck,Health Care,Kenilworth,NJ,no,40.6760225,-74.289262
New York Life Insurance,Financials,New York,NY,no,40.7127281,-74.0060152
Caterpillar,Industrials,Deerfield,IL,no,42.1711365,-87.8445119
Cisco Systems,Technology,San Jose,CA,no,37.3361663,-121.890591
TJX,Retailing,Framingham,MA,no,42.2773177,-71.4165905
Publix Super Markets,Food & Drug Stores,Lakeland,FL,no,28.0394654,-81.9498042
ConocoPhillips,Energy,Houston,TX,no,29.7589382,-95.3676974
Liberty Mutual Insurance Group,Financials,Boston,MA,no,42.3554334,-71.060511
Progressive,Financials,Mayfield Village,OH,yes,41.53638285,-81.45873093
Nationwide,Financials,Columbus,OH,no,39.9622601,-83.0007065
Tyson Foods,"Food, Beverages & Tobacco",Springdale,AR,no,36.1867442,-94.1288142
Bristol-Myers Squibb,Health Care,New York,NY,no,40.7127281,-74.0060152
Nike,Apparel,Beaverton,OR,no,45.4871723,-122.80378
Deere,Industrials,Moline,IL,no,41.5058344,-90.5136642
American Express,Financials,New York,NY,no,40.7127281,-74.0060152
Abbott Laboratories,Health Care,Abbott Park,IL,no,41.71961645,-87.62209127
StoneX Group,Financials,New York,NY,no,40.7127281,-74.0060152
Plains GP Holdings,Energy,Houston,TX,no,29.7589382,-95.3676974
Enterprise Products Partners,Energy,Houston,TX,no,29.7589382,-95.3676974
TIAA,Financials,New York,NY,yes,40.7127281,-74.0060152
Oracle,Technology,Austin,TX,yes,30.2711286,-97.7436995
Thermo Fisher Scientific,Technology,Waltham,MA,no,42.3756401,-71.2358004
Coca-Cola,"Food, Beverages & Tobacco",Atlanta,GA,no,33.7489924,-84.3902644
General Dynamics,Aerospace & Defense,Reston,VA,yes,38.9583737,-77.3579805
CHS,"Food, Beverages & Tobacco",Inver Grove Heights,MN,no,44.8479039,-93.0428119
USAA,Financials,San Antonio,TX,no,29.4246002,-98.4951405
Northwestern Mutual,Financials,Milwaukee,WI,no,43.0349931,-87.922497
Nucor,Materials,Charlotte,NC,no,35.2272086,-80.8430827
Exelon,Energy,Chicago,IL,no,41.8755616,-87.6244212
Massachusetts Mutual Life Insurance,Financials,Springfield,MA,no,42.1018764,-72.5886727
Northrop Grumman,Aerospace & Defense,Falls Church,VA,yes,38.882334,-77.1710914
3M,Chemicals,St. Paul,MN,no,44.9497487,-93.0931028
Travelers,Financials,New York,NY,no,40.7127281,-74.0060152
Arrow Electronics,Wholesalers,Centennial,CO,no,39.579155,-104.8769227
Honeywell International,Industrials,Charlotte,NC,no,35.2272086,-80.8430827
Dollar General,Retailing,Goodlettsville,TN,no,36.3349115,-86.70533913
Qualcomm,Technology,San Diego,CA,no,32.7174202,-117.1627728
Capital One Financial,Financials,McLean,VA,no,38.9342888,-77.1776327
TD Synnex,Wholesalers,Fremont,CA,no,37.5482697,-121.988571
Philip Morris International,"Food, Beverages & Tobacco",New York,NY,no,40.7127281,-74.0060152
World Fuel Services,Energy,Miami,FL,no,25.7741728,-80.19362
Performance Food Group,Wholesalers,Richmond,VA,no,37.5385087,-77.43428
Delta Air Lines,Transportation,Atlanta,GA,no,33.7489924,-84.3902644
American Airlines Group,Transportation,Fort Worth,TX,no,32.753177,-97.3327459
Netflix,Media,Los Gatos,CA,no,37.226611,-121.9746797
Paramount Global,Media,New York,NY,no,40.7127281,-74.0060152
US Foods Holding,Wholesalers,Rosemont,IL,no,41.9941334,-87.8756737
Danaher,Health Care,Washington,DC,no,38.8950368,-77.0365427
Jabil,Technology,St. Petersburg,FL,no,27.7700475,-82.6359078
Starbucks,"Hotels, Restaurants & Leisure",Seattle,WA,no,47.6038321,-122.330062
Mondelez International,"Food, Beverages & Tobacco",Chicago,IL,no,41.8755616,-87.6244212
Eli Lilly,Health Care,Indianapolis,IN,no,39.7683331,-86.1583502
Hewlett Packard Enterprise,Technology,Houston,TX,no,29.7589382,-95.3676974
D.R. Horton,Engineering & Construction,Arlington,TX,no,32.7355816,-97.1071186
Molina Healthcare,Health Care,Long Beach,CA,no,33.7690164,-118.191604
CBRE Group,Financials,Dallas,TX,no,32.7762719,-96.7968559
Micron Technology,Technology,Boise,ID,no,43.6166163,-116.200886
Broadcom,Technology,San Jose,CA,no,37.3361663,-121.890591
Gilead Sciences,Health Care,Foster City,CA,no,37.5600336,-122.2688522
PBF Energy,Energy,Parsippany,NJ,no,40.8578772,-74.4259866
Lennar,Engineering & Construction,Miami,FL,no,25.7741728,-80.19362
United Natural Foods,Wholesalers,Providence,RI,no,41.8239891,-71.4128343
NRG Energy,Energy,Houston,TX,no,29.7589382,-95.3676974
Nvidia,Technology,Santa Clara,CA,no,37.3541132,-121.955174
Occidental Petroleum,Energy,Houston,TX,yes,29.7589382,-95.3676974
Salesforce,Technology,San Francisco,CA,no,37.7790262,-122.419906
Dollar Tree,Retailing,Chesapeake,VA,no,36.7183708,-76.2466798
KKR,Financials,New York,NY,no,40.7127281,-74.0060152
Kraft Heinz,"Food, Beverages & Tobacco",Chicago,IL,no,41.8755616,-87.6244212
Amgen,Health Care,Thousand Oaks,CA,no,34.1705609,-118.8375937
AutoNation,Retailing,Fort Lauderdale,FL,no,26.1223084,-80.1433786
Penske Automotive Group,Retailing,Bloomfield Hills,MI,no,42.583645,-83.2454883
PayPal,Business Services,San Jose,CA,no,37.3361663,-121.890591
Macy's,Retailing,New York,NY,no,40.7127281,-74.0060152
Duke Energy,Energy,Charlotte,NC,yes,35.2272086,-80.8430827
United Airlines Holdings,Transportation,Chicago,IL,no,41.8755616,-87.6244212
Visa,Business Services,San Francisco,CA,no,37.7790262,-122.419906
Rite Aid,Food & Drug Stores,Camp Hill,PA,yes,40.2398118,-76.9199742
Cummins,Industrials,Columbus,IN,yes,39.2014405,-85.9213796
U.S. Bancorp,Financials,Minneapolis,MN,no,44.9772995,-93.2654692
Paccar,Motor Vehicles & Parts,Bellevue,WA,no,47.6144219,-122.192337
McDonald's,"Hotels, Restaurants & Leisure",Chicago,IL,no,41.8755616,-87.6244212
Southern,Energy,Atlanta,GA,no,33.7489924,-84.3902644
C.H. Robinson Worldwide,Transportation,Eden Prairie,MN,no,44.8546856,-93.470786
Truist Financial,Financials,Charlotte,NC,no,35.2272086,-80.8430827
Applied Materials,Technology,Santa Clara,CA,no,37.3541132,-121.955174
Freeport-McMoRan,Energy,Phoenix,AZ,no,33.4484367,-112.074141
Lithia Motors,Retailing,Medford,OR,no,42.3264181,-122.8718605
Blackstone,Financials,New York,NY,no,40.7127281,-74.0060152
Hartford Financial Services Group,Financials,Hartford,CT,no,41.764582,-72.6908547
Aflac,Financials,Columbus,GA,no,32.4610708,-84.9880449
Whirlpool,Industrials,Benton Harbor,MI,no,42.1167065,-86.4541894
Union Pacific,Transportation,Omaha,NE,no,41.2587459,-95.9383758
International Paper,Materials,Memphis,TN,no,35.1460249,-90.0517638
Altria Group,"Food, Beverages & Tobacco",Richmond,VA,no,37.5385087,-77.43428
CDW,Technology,Lincolnshire,IL,yes,42.1900249,-87.9084039
ManpowerGroup,Business Services,Milwaukee,WI,no,43.0349931,-87.922497
PG&E,Energy,San Francisco,CA,yes,37.7790262,-122.419906
Carrier Global,Industrials,Palm Beach Gardens,FL,no,26.8233946,-80.1386547
Baker Hughes,Energy,Houston,TX,no,29.7589382,-95.3676974
Cleveland-Cliffs,Materials,Cleveland,OH,no,41.4996574,-81.6936772
United States Steel,Materials,Pittsburgh,PA,no,40.4416941,-79.9900861
Becton Dickinson,Health Care,Franklin Lakes,NJ,no,41.0167639,-74.2057012
CarMax,Retailing,Richmond,VA,no,37.5385087,-77.43428
Sherwin-Williams,Chemicals,Cleveland,OH,no,41.4996574,-81.6936772
Builders FirstSource,Materials,Dallas,TX,no,32.7762719,-96.7968559
Marsh & McLennan,Financials,New York,NY,no,40.7127281,-74.0060152
PNC Financial Services Group,Financials,Pittsburgh,PA,no,40.4416941,-79.9900861
Lumen Technologies,Telecommunications,Monroe,LA,no,32.5102427,-92.1032411
Avnet,Wholesalers,Phoenix,AZ,no,33.4484367,-112.074141
Tenet Healthcare,Health Care,Dallas,TX,no,32.7762719,-96.7968559
Kimberly-Clark,Household Products,Irving,TX,no,32.8295183,-96.9442177
Kohl's,Retailing,Menomonee Falls,WI,yes,43.1790768,-88.1170784
BlackRock,Financials,New York,NY,no,40.7127281,-74.0060152
Jones Lang LaSalle,Financials,Chicago,IL,no,41.8755616,-87.6244212
Lear,Motor Vehicles & Parts,Southfield,MI,no,42.4733689,-83.2218731
Lincoln National,Financials,Radnor,PA,yes,40.0463001,-75.3595487
Charles Schwab,Financials,Westlake,TX,no,32.991226,-97.1943701
Ross Stores,Retailing,Dublin,CA,yes,37.7021521,-121.9357918
Mastercard,Business Services,Purchase,NY,no,41.0409305,-73.7145746
Genuine Parts,Wholesalers,Atlanta,GA,no,33.7489924,-84.3902644
WestRock,Materials,Atlanta,GA,no,33.7489924,-84.3902644
EOG Resources,Energy,Houston,TX,no,29.7589382,-95.3676974
Cognizant Technology Solutions,Technology,Teaneck,NJ,no,40.8860164,-74.0072568
Moderna,Health Care,Cambridge,MA,no,42.3655767,-71.1040018
Steel Dynamics,Materials,Fort Wayne,IN,no,41.0799898,-85.1386015
HF Sinclair,Energy,Dallas,TX,no,32.7762719,-96.7968559
Texas Instruments,Technology,Dallas,TX,no,32.7762719,-96.7968559
Emerson Electric,Industrials,St. Louis,MO,no,38.6280278,-90.1910154
WESCO International,Wholesalers,Pittsburgh,PA,no,40.4416941,-79.9900861
General Mills,"Food, Beverages & Tobacco",Minneapolis,MN,no,44.9772995,-93.2654692
Tenneco,Motor Vehicles & Parts,Lake Forest,IL,no,42.2586461,-87.8407055
Waste Management,Business Services,Houston,TX,no,29.7589382,-95.3676974
Viatris,Health Care,Canonsburg,PA,no,40.2625702,-80.1872797
DISH Network,Telecommunications,Englewood,CO,no,39.6482059,-104.9879641
L3Harris Technologies,Aerospace & Defense,Melbourne,FL,no,28.106471,-80.6371513
DXC Technology,Technology,Tysons,VA,no,38.918592,-77.2314723
Block,Business Services,San Francisco,CA,no,37.7790262,-122.419906
Goodyear Tire & Rubber,Motor Vehicles & Parts,Akron,OH,no,41.083064,-81.518485
Uber Technologies,Technology,San Francisco,CA,no,37.7790262,-122.419906
Colgate-Palmolive,Household Products,New York,NY,no,40.7127281,-74.0060152
Stanley Black & Decker,Household Products,New Britain,CT,no,41.6612104,-72.7795419
DuPont,Chemicals,Wilmington,DE,no,39.7459468,-75.546589
Stryker,Health Care,Kalamazoo,MI,no,42.291707,-85.5872286
NextEra Energy,Energy,Juno Beach,FL,no,26.8815475,-80.0539253
Targa Resources,Energy,Houston,TX,no,29.7589382,-95.3676974
Western Digital,Technology,San Jose,CA,no,37.3361663,-121.890591
PPG Industries,Chemicals,Pittsburgh,PA,no,40.4416941,-79.9900861
American Electric Power,Energy,Columbus,OH,no,39.9622601,-83.0007065
Gap,Retailing,San Francisco,CA,no,37.7790262,-122.419906
BJ&#8217;s Wholesale Club,Retailing,Westborough,MA,no,42.2694308,-71.6129907
Reinsurance Group of America,Financials,Chesterfield,MO,yes,38.661953,-90.5643258
Kinder Morgan,Energy,Houston,TX,no,29.7589382,-95.3676974
Oneok,Energy,Tulsa,OK,no,36.1563122,-95.9927516
Expeditors Intl. of Washington,Transportation,Seattle,WA,no,47.6038321,-122.330062
Advanced Micro Devices,Technology,Santa Clara,CA,yes,37.3541132,-121.955174
Fiserv,Business Services,Brookfield,WI,no,43.0578479,-88.1261984
Estée Lauder,Household Products,New York,NY,no,40.7127281,-74.0060152
Bank of New York Mellon,Financials,New York,NY,no,40.7127281,-74.0060152
Laboratory Corp. of America,Health Care,Burlington,NC,no,36.0956918,-79.4377991
Regeneron Pharmaceuticals,Health Care,Tarrytown,NY,no,41.0762077,-73.8587461
Land O'Lakes,"Food, Beverages & Tobacco",Arden Hills,MN,yes,45.0761409,-93.1666945
Cheniere Energy,Energy,Houston,TX,no,29.7589382,-95.3676974
Southwest Airlines,Transportation,Dallas,TX,no,32.7762719,-96.7968559
Adobe,Technology,San Jose,CA,no,37.3361663,-121.890591
Synchrony Financial,Financials,Stamford,CT,no,41.0534302,-73.5387341
Corteva,"Food, Beverages & Tobacco",Indianapolis,IN,no,39.7683331,-86.1583502
Fidelity National Financial,Financials,Jacksonville,FL,no,30.3321838,-81.655651
DTE Energy,Energy,Detroit,MI,no,42.3315509,-83.0466403
Murphy USA,Retailing,El Dorado,AR,no,33.2115087,-92.6650144
Halliburton,Energy,Houston,TX,no,29.7589382,-95.3676974
Automatic Data Processing,Business Services,Roseland,NJ,no,40.8206555,-74.2937595
Edison International,Energy,Rosemead,CA,no,34.0676169,-118.0879763
BorgWarner,Motor Vehicles & Parts,Auburn Hills,MI,no,42.6875323,-83.2341028
Nordstrom,Retailing,Seattle,WA,no,47.6038321,-122.330062
Loews,Financials,New York,NY,no,40.7127281,-74.0060152
Guardian Life Ins. Co. of America,Financials,New York,NY,no,40.7127281,-74.0060152
Pioneer Natural Resources,Energy,Irving,TX,no,32.8295183,-96.9442177
AutoZone,Retailing,Memphis,TN,no,35.1460249,-90.0517638
Lam Research,Technology,Fremont,CA,no,37.5482697,-121.988571
American Family Insurance Group,Financials,Madison,WI,no,43.074761,-89.3837613
Illinois Tool Works,Industrials,Glenview,IL,no,42.0700662,-87.8114044
Parker-Hannifin,Industrials,Cleveland,OH,no,41.4996574,-81.6936772
Otis Worldwide,Industrials,Farmington,CT,yes,41.7198216,-72.8320435
Omnicom Group,Business Services,New York,NY,no,40.7127281,-74.0060152
Principal Financial,Financials,Des Moines,IA,no,41.5910323,-93.6046655
Dominion Energy,Energy,Richmond,VA,no,37.5385087,-77.43428
Kellogg,"Food, Beverages & Tobacco",Battle Creek,MI,no,42.3192548,-85.1824269
Fluor,Engineering & Construction,Irving,TX,no,32.8295183,-96.9442177
AECOM,Engineering & Construction,Dallas,TX,no,32.7762719,-96.7968559
Reliance Steel & Aluminum,Materials,Los Angeles,CA,no,34.0536909,-118.242766
Jacobs Engineering Group,Engineering & Construction,Dallas,TX,no,32.7762719,-96.7968559
Corning,Industrials,Corning,NY,no,42.1435257,-77.0543408
Farmers Insurance Exchange,Financials,Woodland Hills,CA,no,34.1684364,-118.6058382
Qurate Retail,Retailing,Englewood,CO,no,39.6482059,-104.9879641
Pacific Life,Financials,Newport Beach,CA,no,33.6170092,-117.9294401
PulteGroup,Engineering & Construction,Atlanta,GA,no,33.7489924,-84.3902644
Fidelity National Information Services,Business Services,Jacksonville,FL,no,30.3321838,-81.655651
IQVIA Holdings,Health Care,Durham,NC,no,35.996653,-78.9018053
Marriott International,"Hotels, Restaurants & Leisure",Bethesda,MD,no,38.9814093,-77.1178538
Berry Global Group,Materials,Evansville,IN,no,37.970495,-87.5715641
Ball,Materials,Westminster,CO,no,39.8366528,-105.0372046
Group 1 Automotive,Retailing,Houston,TX,no,29.7589382,-95.3676974
Leidos Holdings,Technology,Reston,VA,no,38.9583737,-77.3579805
Wayfair,Retailing,Boston,MA,no,42.3554334,-71.060511
Consolidated Edison,Energy,New York,NY,no,40.7127281,-74.0060152
Ameriprise Financial,Financials,Minneapolis,MN,no,44.9772995,-93.2654692
Xcel Energy,Energy,Minneapolis,MN,no,44.9772995,-93.2654692
O'Reilly Automotive,Retailing,Springfield,MO,no,37.1968298,-93.2946576
Global Partners,Wholesalers,Waltham,MA,no,42.3756401,-71.2358004
Discover Financial Services,Financials,Riverwoods,IL,no,42.1676068,-87.8970986
Rocket Companies,Financials,Detroit,MI,no,42.3315509,-83.0466403
LKQ,Wholesalers,Chicago,IL,no,41.8755616,-87.6244212
W.W. Grainger,Wholesalers,Lake Forest,IL,no,42.2586461,-87.8407055
Quanta Services,Engineering & Construction,Houston,TX,no,29.7589382,-95.3676974
Crown Holdings,Materials,Yardley,PA,no,40.245664,-74.8459972
Fox,Media,New York,NY,no,40.7127281,-74.0060152
Sempra,Energy,San Diego,CA,no,32.7174202,-117.1627728
Markel,Financials,Glen Allen,VA,no,37.6659781,-77.506374
Carvana,Retailing,Tempe,AZ,no,33.4255117,-111.9400164
XPO Logistics,Transportation,Greenwich,CT,no,41.0264862,-73.6284598
Baxter International,Health Care,Deerfield,IL,no,42.1711365,-87.8445119
Ecolab,Chemicals,St. Paul,MN,no,44.9497487,-93.0931028
Tractor Supply,Retailing,Brentwood,TN,no,36.0325687,-86.7825235
Andersons,"Food, Beverages & Tobacco",Maumee,OH,no,41.5628294,-83.6538244
Keurig Dr Pepper,"Food, Beverages & Tobacco",Burlington,MA,no,42.5048167,-71.1956111
Universal Health Services,Health Care,King of Prussia,PA,no,40.0908111,-75.3832484
CSX,Transportation,Jacksonville,FL,no,30.3321838,-81.655651
Henry Schein,Health Care,Melville,NY,no,40.7934322,-73.4151214
Sonic Automotive,Retailing,Charlotte,NC,no,35.2272086,-80.8430827
eBay,Technology,San Jose,CA,no,37.3361663,-121.890591
Textron,Aerospace & Defense,Providence,RI,no,41.8239891,-71.4128343
Jones Financial (Edward Jones),Financials,Des Peres,MO,yes,38.6049811,-90.4426837
Community Health Systems,Health Care,Franklin,TN,no,35.925206,-86.8689419
Mosaic,Chemicals,Tampa,FL,no,27.9477595,-82.458444
Thor Industries,Motor Vehicles & Parts,Elkhart,IN,no,41.6819935,-85.9766671
Dick's Sporting Goods,Retailing,Coraopolis,PA,yes,40.5184013,-80.1667247
Newmont,Energy,Denver,CO,no,39.7392364,-104.984862
Devon Energy,Energy,Oklahoma City,OK,no,35.4729886,-97.5170536
Warner Bros. Discovery,Media,New York,NY,no,40.7127281,-74.0060152
J.B. Hunt Transport Services,Transportation,Lowell,AR,no,36.2553543,-94.1307587
Alcoa,Materials,Pittsburgh,PA,no,40.4416941,-79.9900861
Peter Kiewit Sons',Engineering & Construction,Omaha,NE,no,41.2587459,-95.9383758
Aramark,Business Services,Philadelphia,PA,no,39.9527237,-75.1635262
Vistra,Energy,Irving,TX,no,32.8295183,-96.9442177
State Street,Financials,Boston,MA,no,42.3554334,-71.060511
Unum Group,Financials,Chattanooga,TN,no,35.0457219,-85.3094883
Alleghany,Financials,New York,NY,no,40.7127281,-74.0060152
Boston Scientific,Health Care,Marlborough,MA,no,42.3459271,-71.5522874
Westlake,Chemicals,Houston,TX,no,29.7589382,-95.3676974
Entergy,Energy,New Orleans,LA,no,29.9759983,-90.0782127
International Flavors & Fragrances,Chemicals,New York,NY,no,40.7127281,-74.0060152
DaVita,Health Care,Denver,CO,no,39.7392364,-104.984862
Mutual of Omaha Insurance,Financials,Omaha,NE,no,41.2587459,-95.9383758
Assurant,Financials,New York,NY,no,40.7127281,-74.0060152
Liberty Media,Media,Englewood,CO,no,39.6482059,-104.9879641
Hormel Foods,"Food, Beverages & Tobacco",Austin,MN,no,43.6680928,-92.9744896
Icahn Enterprises,Financials,Sunny Isles Beach,FL,no,25.9426915,-80.1218486
Republic Services,Business Services,Phoenix,AZ,no,33.4484367,-112.074141
Mohawk Industries,Household Products,Calhoun,GA,no,34.502587,-84.9510542
Conagra Brands,"Food, Beverages & Tobacco",Chicago,IL,no,41.8755616,-87.6244212
Norfolk Southern,Transportation,Atlanta,GA,no,33.7489924,-84.3902644
AES,Energy,Arlington,VA,no,38.8903961,-77.0841585
AGCO,Industrials,Duluth,GA,no,34.0028569,-84.1441046
Caesars Entertainment,"Hotels, Restaurants & Leisure",Reno,NV,no,39.5261206,-119.8126581
Equitable Holdings,Financials,New York,NY,no,40.7127281,-74.0060152
Advance Auto Parts,Retailing,Raleigh,NC,no,35.7803977,-78.6390989
Biogen,Health Care,Cambridge,MA,no,42.3655767,-71.1040018
Auto-Owners Insurance,Financials,Lansing,MI,no,42.7337712,-84.5553805
Booking Holdings,Technology,Norwalk,CT,no,41.1175966,-73.4078968
Amphenol,Technology,Wallingford,CT,no,41.4570418,-72.8231552
Quest Diagnostics,Health Care,Secaucus,NJ,no,40.7899291,-74.0566735
FirstEnergy,Energy,Akron,OH,no,41.083064,-81.518485
DCP Midstream,Energy,Denver,CO,no,39.7392364,-104.984862
Ally Financial,Financials,Detroit,MI,no,42.3315509,-83.0466403
Delek US Holdings,Energy,Brentwood,TN,no,36.0325687,-86.7825235
Williams,Energy,Tulsa,OK,no,36.1563122,-95.9927516
Newell Brands,Household Products,Atlanta,GA,no,33.7489924,-84.3902644
Eastman Chemical,Chemicals,Kingsport,TN,no,36.550238,-82.5594293
Air Products & Chemicals,Chemicals,Allentown,PA,no,40.6022059,-75.4712794
Thrivent Financial for Lutherans,Financials,Minneapolis,MN,yes,44.9772995,-93.2654692
Molson Coors Beverage,"Food, Beverages & Tobacco",Chicago,IL,no,41.8755616,-87.6244212
Interpublic Group,Business Services,New York,NY,no,40.7127281,-74.0060152
Weyerhaeuser,Materials,Seattle,WA,no,47.6038321,-122.330062
Altice USA,Telecommunications,Long Island City,NY,no,40.7455316,-73.9484995
Raymond James Financial,Financials,St. Petersburg,FL,no,27.7700475,-82.6359078
EMCOR Group,Engineering & Construction,Norwalk,CT,no,41.1175966,-73.4078968
Eversource Energy,Energy,Springfield,MA,no,42.1018764,-72.5886727
Yum China Holdings,"Hotels, Restaurants & Leisure",Plano,TX,yes,33.0136764,-96.6925096
Asbury Automotive Group,Retailing,Duluth,GA,no,34.0028569,-84.1441046
Owens & Minor,Health Care,Mechanicsville,VA,no,37.6039694,-77.3717321
Public Service Enterprise Group,Energy,Newark,NJ,no,40.735657,-74.1723667
United Rentals,Business Services,Stamford,CT,no,41.0534302,-73.5387341
MGM Resorts International,"Hotels, Restaurants & Leisure",Las Vegas,NV,no,36.1672559,-115.148516
Ryder System,Transportation,Miami,FL,no,25.7741728,-80.19362
Intuit,Technology,Mountain View,CA,no,49.133333,-113.6
Cincinnati Financial,Financials,Fairfield,OH,no,39.3458953,-84.5605031
Erie Insurance Group,Financials,Erie,PA,no,42.1294712,-80.0852695
Univar Solutions,Wholesalers,Downers Grove,IL,no,41.7936822,-88.0102281
Huntington Ingalls Industries,Aerospace & Defense,Newport News,VA,no,36.9775016,-76.42977
W.R. Berkley,Financials,Greenwich,CT,no,41.0264862,-73.6284598
Western & Southern Financial Group,Financials,Cincinnati,OH,no,39.1014537,-84.5124602
Insight Enterprises,Technology,Tempe,AZ,yes,33.4255117,-111.9400164
News Corp.,Media,New York,NY,no,40.7127281,-74.0060152
American Tower,Financials,Boston,MA,no,42.3554334,-71.060511
Old Republic International,Financials,Chicago,IL,no,41.8755616,-87.6244212
Burlington Stores,Retailing,Burlington,NJ,no,40.0712218,-74.8648859
Avis Budget Group,Retailing,Parsippany,NJ,no,40.8578772,-74.4259866
ODP,Retailing,Boca Raton,FL,no,26.3586885,-80.0830984
VF Corp.,Apparel,Denver,CO,no,39.7392364,-104.984862
Bed Bath & Beyond,Retailing,Union,NJ,yes,40.6976019,-74.2632024
Seaboard,"Food, Beverages & Tobacco",Merriam,KS,no,39.0168058,-94.689947
First American Financial,Financials,Santa Ana,CA,no,33.7494951,-117.8732213
Intercontinental Exchange,Financials,Atlanta,GA,no,33.7489924,-84.3902644
PVH,Apparel,New York,NY,no,40.7127281,-74.0060152
Apollo Global Management,Financials,New York,NY,no,40.7127281,-74.0060152
Jefferies Financial Group,Financials,New York,NY,no,40.7127281,-74.0060152
Hershey,"Food, Beverages & Tobacco",Hershey,PA,yes,40.2854881,-76.6506001
NVR,Engineering & Construction,Reston,VA,no,38.9583737,-77.3579805
Foot Locker,Retailing,New York,NY,yes,40.7127281,-74.0060152
Dana,Motor Vehicles & Parts,Maumee,OH,no,41.5628294,-83.6538244
SpartanNash,Wholesalers,Byron Center,MI,no,42.8122508,-85.7228062
Olin,Chemicals,Clayton,MO,no,38.6504352,-90.3362473
Chewy,Retailing,Dania Beach,FL,no,26.0524224,-80.143929
Jackson Financial,Financials,Lansing,MI,yes,42.7337712,-84.5553805
Activision Blizzard,Media,Santa Monica,CA,no,34.0194704,-118.491227
Toll Brothers,Engineering & Construction,Fort Washington,PA,no,40.1399717,-75.210095
Carlyle Group,Financials,Washington,DC,no,38.8950368,-77.0365427
Graybar Electric,Wholesalers,St. Louis,MO,yes,38.6280278,-90.1910154
Ovintiv,Energy,Denver,CO,no,39.7392364,-104.984862
UFP Industries,Materials,Grand Rapids,MI,no,42.9632425,-85.6678639
Ulta Beauty,Retailing,Bolingbrook,IL,no,41.7003302,-88.0717708
Constellation Brands,"Food, Beverages & Tobacco",Victor,NY,no,42.9825634,-77.4088794
Expedia Group,Retailing,Seattle,WA,no,47.6038321,-122.330062
CommScope Holding,Technology,Hickory,NC,no,35.7333312,-81.3442915
Celanese,Chemicals,Irving,TX,yes,32.8295183,-96.9442177
Global Payments,Business Services,Atlanta,GA,no,33.7489924,-84.3902644
Owens Corning,Materials,Toledo,OH,no,41.6529143,-83.5378173
Campbell Soup,"Food, Beverages & Tobacco",Camden,NJ,no,39.9448402,-75.1198911
Huntsman,Chemicals,The Woodlands,TX,no,30.1734194,-95.504686
Franklin Resources,Financials,San Mateo,CA,yes,37.5629997,-122.3253265
Avery Dennison,Materials,Glendale,CA,no,34.1469416,-118.2478471
Masco,Household Products,Livonia,MI,no,42.36837,-83.3527097
CenterPoint Energy,Energy,Houston,TX,no,29.7589382,-95.3676974
Fifth Third Bancorp,Financials,Cincinnati,OH,no,39.1014537,-84.5124602
WEC Energy Group,Energy,Milwaukee,WI,no,43.0349931,-87.922497
S&P Global,Business Services,New York,NY,no,40.7127281,-74.0060152
FM Global,Financials,Johnston,RI,no,41.8310404,-71.5412101
Polaris,Transportation,Medina,MN,no,45.0151361,-93.574375
Williams-Sonoma,Retailing,San Francisco,CA,yes,37.7790262,-122.419906
Autoliv,Motor Vehicles & Parts,Auburn Hills,MI,no,42.6875323,-83.2341028
Arthur J. Gallagher,Financials,Rolling Meadows,IL,no,42.0841936,-88.0131275
Motorola Solutions,Technology,Chicago,IL,no,41.8755616,-87.6244212
Zillow Group,Technology,Seattle,WA,no,47.6038321,-122.330062
Opendoor Technologies,Technology,San Francisco,CA,no,37.7790262,-122.419906
J.M. Smucker,"Food, Beverages & Tobacco",Orrville,OH,no,40.8436664,-81.7640212
Anywhere Real Estate,Financials,Madison,NJ,no,40.7598227,-74.417097
Oshkosh,Industrials,Oshkosh,WI,no,44.0206919,-88.5408574
MasTec,Engineering & Construction,Coral Gables,FL,no,19.3740824,-81.4156729
GXO Logistics,Transportation,Greenwich,CT,no,41.0264862,-73.6284598
APA,Energy,Houston,TX,no,29.7589382,-95.3676974
Boise Cascade,Wholesalers,Boise,ID,no,43.6166163,-116.200886
Dover,Industrials,Downers Grove,IL,no,41.7936822,-88.0102281
Genworth Financial,Financials,Richmond,VA,no,37.5385087,-77.43428
Bath & Body Works,Retailing,Columbus,OH,yes,39.9622601,-83.0007065
Booz Allen Hamilton Holding,Technology,McLean,VA,no,38.9342888,-77.1776327
Coinbase Global,Financials,Wilmington,DE,no,39.7459468,-75.546589
Zimmer Biomet Holdings,Health Care,Warsaw,IN,no,41.2381017,-85.8530544
Westinghouse Air Brake Technologies,Industrials,Pittsburgh,PA,no,40.4416941,-79.9900861
Zoetis,Health Care,Parsippany,NJ,yes,40.8578772,-74.4259866
Packaging Corp. of America,Materials,Lake Forest,IL,no,42.2586461,-87.8407055
LPL Financial Holdings,Financials,San Diego,CA,no,32.7174202,-117.1627728
T. Rowe Price,Financials,Baltimore,MD,no,39.2908816,-76.610759
Fortune Brands Home & Security,Household Products,Deerfield,IL,no,42.1711365,-87.8445119
Casey's General Stores,Retailing,Ankeny,IA,no,41.7320796,-93.605092
A-Mark Precious Metals,Wholesalers,El Segundo,CA,no,33.917028,-118.4156337
Hess,Energy,New York,NY,no,40.7127281,-74.0060152
Vertex Pharmaceuticals,Health Care,Boston,MA,yes,42.3554334,-71.060511
KeyCorp,Financials,Cleveland,OH,no,41.4996574,-81.6936772
Chipotle,"Hotels, Restaurants & Leisure",Newport Beach,CA,no,33.6170092,-117.9294401
CMS Energy,Energy,Jackson,MI,no,42.2465036,-84.4016963
Arconic,Materials,Pittsburgh,PA,no,40.4416941,-79.9900861
Taylor Morrison Home,Engineering & Construction,Scottsdale,AZ,yes,33.4942189,-111.926018
American Financial Group,Financials,Cincinnati,OH,no,39.1014537,-84.5124602
UGI,Energy,King of Prussia,PA,no,40.0908111,-75.3832484
Science Applications International,Technology,Reston,VA,yes,38.9583737,-77.3579805
Avantor,Technology,Radnor,PA,no,40.0463001,-75.3595487
Hanesbrands,Apparel,Winston-Salem,NC,no,36.0998131,-80.2440518
Clorox,Household Products,Oakland,CA,yes,37.8044557,-122.271356
KBR,Engineering & Construction,Houston,TX,no,29.7589382,-95.3676974
TravelCenters of America,Retailing,Westlake,OH,no,41.4553232,-81.9179174
Hertz Global Holdings,Retailing,Estero,FL,no,26.4381474,-81.8067537
Analog Devices,Technology,Wilmington,MA,no,42.5464828,-71.1736669
Securian Financial Group,Financials,St. Paul,MN,no,44.9497487,-93.0931028
Darden Restaurants,"Hotels, Restaurants & Leisure",Orlando,FL,no,28.5421109,-81.3790304
NCR,Technology,Atlanta,GA,no,33.7489924,-84.3902644
Graphic Packaging Holding,Materials,Atlanta,GA,no,33.7489924,-84.3902644
Brighthouse Financial,Financials,Charlotte,NC,no,35.2272086,-80.8430827
PPL,Energy,Allentown,PA,no,40.6022059,-75.4712794
Cintas,Business Services,Cincinnati,OH,no,39.1014537,-84.5124602
Xerox Holdings,Technology,Norwalk,CT,no,41.1175966,-73.4078968
Rockwell Automation,Industrials,Milwaukee,WI,no,43.0349931,-87.922497
Citizens Financial Group,Financials,Providence,RI,no,41.8239891,-71.4128343
KLA,Technology,Milpitas,CA,no,37.4332273,-121.8989248
Camping World Holdings,Retailing,Lincolnshire,IL,no,42.1900249,-87.9084039
Ingredion,"Food, Beverages & Tobacco",Westchester,IL,no,41.8505866,-87.8820048
Veritiv,Wholesalers,Atlanta,GA,no,33.7489924,-84.3902644
Beacon Roofing Supply,Wholesalers,Herndon,VA,no,38.9695316,-77.3859479
Diamondback Energy,Energy,Midland,TX,no,31.9973662,-102.077948
Victoria's Secret,Retailing,Reynoldsburg,OH,no,39.9547861,-82.8121191
Academy Sports and Outdoors,Retailing,Katy,TX,no,29.7857853,-95.8243956
Sanmina,Technology,San Jose,CA,no,37.3361663,-121.890591
ON Semiconductor,Technology,Phoenix,AZ,no,33.4484367,-112.074141
Commercial Metals,Materials,Irving,TX,yes,32.8295183,-96.9442177
EnLink Midstream,Energy,Dallas,TX,no,32.7762719,-96.7968559
Southwestern Energy,Energy,Spring,TX,no,30.0798826,-95.4172549
Equinix,Financials,Redwood City,CA,no,37.4863239,-122.232523
Dillard&#8217;s,Retailing,Little Rock,AR,no,34.7465071,-92.2896267
Regions Financial,Financials,Birmingham,AL,no,33.5206824,-86.8024326
Yum Brands,"Hotels, Restaurants & Leisure",Louisville,KY,no,38.2542376,-85.759407
Landstar System,Transportation,Jacksonville,FL,no,30.3321838,-81.655651
CF Industries Holdings,Chemicals,Deerfield,IL,no,42.1711365,-87.8445119
Northern Trust,Financials,Chicago,IL,no,41.8755616,-87.6244212
Robert Half International,Business Services,Menlo Park,CA,no,37.4519671,-122.177992
Compass,Technology,New York,NY,no,40.7127281,-74.0060152
Hasbro,Household Products,Pawtucket,RI,no,41.878711,-71.3825558
Roper Technologies,Technology,Sarasota,FL,no,27.3365805,-82.5308545
ARKO,Retailing,Richmond,VA,no,37.5385087,-77.43428
Frontier Communications,Telecommunications,Norwalk,CT,no,41.1175966,-73.4078968
Ameren,Energy,St. Louis,MO,no,38.6280278,-90.1910154
O-I Glass,Materials,Perrysburg,OH,no,41.5571178,-83.6279321
Chemours,Chemicals,Wilmington,DE,no,39.7459468,-75.546589
Crown Castle International,Financials,Houston,TX,no,29.7589382,-95.3676974
Agilent Technologies,Technology,Santa Clara,CA,no,37.3541132,-121.955174
McCormick,"Food, Beverages & Tobacco",Hunt Valley,MD,no,39.4922608,-76.6589528
Skechers U.S.A.,Apparel,Manhattan Beach,CA,no,33.8915985,-118.3951241
Watsco,Wholesalers,Miami,FL,no,25.7741728,-80.19362
Live Nation Entertainment,Media,Beverly Hills,CA,no,34.0696501,-118.3963062
Lululemon athletica,Retailing,Sumner,WA,no,47.2061882,-122.2312383
ABM Industries,Business Services,New York,NY,no,40.7127281,-74.0060152
Post Holdings,"Food, Beverages & Tobacco",St. Louis,MO,no,38.6280278,-90.1910154
Moody's,Business Services,New York,NY,no,40.7127281,-74.0060152
Select Medical Holdings,Health Care,Mechanicsburg,PA,no,40.2101972,-77.0047276
Alaska Air Group,Transportation,Seattle,WA,no,47.6038321,-122.330062
Big Lots,Retailing,Columbus,OH,no,39.9622601,-83.0007065
Amkor Technology,Technology,Tempe,AZ,no,33.4255117,-111.9400164
Sinclair Broadcast Group,Media,Hunt Valley,MD,no,39.4922608,-76.6589528
RPM International,Chemicals,Medina,OH,no,41.1383878,-81.8637474
M&T Bank,Financials,Buffalo,NY,no,42.8867166,-78.8783922
Sprouts Farmers Market,Food & Drug Stores,Phoenix,AZ,no,33.4484367,-112.074141
Huntington Bancshares,Financials,Columbus,OH,no,39.9622601,-83.0007065
CACI International,Technology,Reston,VA,no,38.9583737,-77.3579805
JetBlue Airways,Transportation,Long Island City,NY,no,40.7455316,-73.9484995
SVB Financial Group,Financials,Santa Clara,CA,no,37.3541132,-121.955174
Fastenal,Wholesalers,Winona,MN,no,44.0500054,-91.6392294
GameStop,Retailing,Grapevine,TX,no,32.9337381,-97.0788754
Knight-Swift Transportation Holdings,Transportation,Phoenix,AZ,no,33.4484367,-112.074141
Airbnb,Technology,San Francisco,CA,no,37.7790262,-122.419906
Patterson,Health Care,St. Paul,MN,no,44.9497487,-93.0931028
PENN Entertainment,"Hotels, Restaurants & Leisure",Wyomissing,PA,no,40.329537,-75.9652117
ServiceNow,Technology,Santa Clara,CA,no,37.3541132,-121.955174
Nasdaq,Financials,New York,NY,yes,40.7127281,-74.0060152
Brunswick,Transportation,Mettawa,IL,no,42.2333571,-87.9259058
Resideo Technologies,Materials,Scottsdale,AZ,no,33.4942189,-111.926018
Chesapeake Energy,Energy,Oklahoma City,OK,no,35.4729886,-97.5170536
Petco Health and Wellness,Retailing,San Diego,CA,no,32.7174202,-117.1627728
Kemper,Financials,Chicago,IL,no,41.8755616,-87.6244212
Hilton Worldwide Holdings,"Hotels, Restaurants & Leisure",McLean,VA,no,38.9342888,-77.1776327
Cerner,Health Care,North Kansas City,MO,no,39.1432057,-94.5733988
Levi Strauss,Apparel,San Francisco,CA,no,37.7790262,-122.419906
Tapestry,Apparel,New York,NY,yes,40.7127281,-74.0060152
NetApp,Technology,San Jose,CA,no,37.3361663,-121.890591
KB Home,Engineering & Construction,Los Angeles,CA,no,34.0536909,-118.242766
Continental Resources,Energy,Oklahoma City,OK,no,35.4729886,-97.5170536
Intuitive Surgical,Health Care,Sunnyvale,CA,no,37.3688301,-122.036349
Under Armour,Apparel,Baltimore,MD,no,39.2908816,-76.610759
MDU Resources Group,Energy,Bismarck,ND,no,46.808327,-100.783739
Silgan Holdings,Materials,Stamford,CT,no,41.0534302,-73.5387341
Ryerson Holding,Materials,Chicago,IL,no,41.8755616,-87.6244212
Ingersoll Rand,Industrials,Davidson,NC,no,35.4992614,-80.8485218
Hologic,Health Care,Marlborough,MA,no,42.3459271,-71.5522874
Electronic Arts,Media,Redwood City,CA,no,37.4863239,-122.232523
Zebra Technologies,Industrials,Lincolnshire,IL,no,42.1900249,-87.9084039
Coty,Household Products,New York,NY,yes,40.7127281,-74.0060152
Schneider National,Transportation,Green Bay,WI,no,44.5126379,-88.0125794
Sonoco Products,Materials,Hartsville,SC,no,34.3740431,-80.0734005
Concentrix,Technology,Fremont,CA,no,37.5482697,-121.988571
Evergy,Energy,Kansas City,MO,no,39.100105,-94.5781416
Cornerstone Building Brands,Materials,Cary,NC,yes,35.7882893,-78.7812081
Coca-Cola Consolidated,"Food, Beverages & Tobacco",Charlotte,NC,no,35.2272086,-80.8430827
Greif,Materials,Delaware,OH,no,40.2986724,-83.067965
Vulcan Materials,Materials,Birmingham,AL,no,33.5206824,-86.8024326
Ametek,Technology,Berwyn,PA,no,40.0448306,-75.4388053
Monster Beverage,"Food, Beverages & Tobacco",Corona,CA,no,33.8752945,-117.5664449
Sealed Air,Materials,Charlotte,NC,no,35.2272086,-80.8430827
NOV,Energy,Houston,TX,no,29.7589382,-95.3676974
Las Vegas Sands,"Hotels, Restaurants & Leisure",Las Vegas,NV,no,36.1672559,-115.148516
Martin Marietta Materials,Materials,Raleigh,NC,no,35.7803977,-78.6390989
Marathon Oil,Energy,Houston,TX,no,29.7589382,-95.3676974
Mattel,Household Products,El Segundo,CA,no,33.917028,-118.4156337
Microchip Technology,Technology,Chandler,AZ,no,33.3062031,-111.8411851
Harley-Davidson,Transportation,Milwaukee,WI,no,43.0349931,-87.922497
Telephone & Data Systems,Telecommunications,Chicago,IL,no,41.8755616,-87.6244212
ADT,Business Services,Boca Raton,FL,no,26.3586885,-80.0830984
First Republic Bank,Financials,San Francisco,CA,no,37.7790262,-122.419906
Warner Music Group,Media,New York,NY,no,40.7127281,-74.0060152
Pool,Wholesalers,Covington,LA,no,30.4753525,-90.1010474
Old Dominion Freight Line,Transportation,Thomasville,NC,no,35.8831786,-80.081817
Fortive,Industrials,Everett,WA,no,47.9793437,-122.2127011
MDC Holdings,Engineering & Construction,Denver,CO,no,39.7392364,-104.984862
NGL Energy Partners,Energy,Tulsa,OK,no,36.1563122,-95.9927516
Edwards Lifesciences,Health Care,Irvine,CA,no,33.6856969,-117.8259819
Hanover Insurance Group,Financials,Worcester,MA,no,42.2625621,-71.8018877
Syneos Health,Health Care,Morrisville,NC,yes,35.824341,-78.8300321
Xylem,Industrials,Washington,DC,no,38.8950368,-77.0365427
Church & Dwight,Household Products,Ewing,NJ,no,40.2688105,-74.8006895
American Axle & Manufacturing,Motor Vehicles & Parts,Detroit,MI,no,42.3315509,-83.0466403
Meritage Homes,Engineering & Construction,Scottsdale,AZ,no,33.4942189,-111.926018
Workday,Technology,Pleasanton,CA,no,37.6624312,-121.8746789
Rush Enterprises,Retailing,New Braunfels,TX,no,29.7028266,-98.1257348
Yellow,Transportation,Nashville,TN,no,36.1622767,-86.7742984
Encompass Health,Health Care,Birmingham,AL,no,33.5206824,-86.8024326
Simon Property Group,Financials,Indianapolis,IN,no,39.7683331,-86.1583502
Globe Life,Financials,McKinney,TX,no,33.1976496,-96.6154471
Skyworks Solutions,Technology,Irvine,CA,no,33.6856969,-117.8259819
Endeavor Group Holdings,Media,Beverly Hills,CA,no,34.0696501,-118.3963062
Twitter,Technology,San Francisco,CA,no,37.7790262,-122.419906
Leggett & Platt,Household Products,Carthage,MO,no,37.1765141,-94.3103412
Western Union,Business Services,Denver,CO,no,39.7392364,-104.984862
PerkinElmer,Health Care,Waltham,MA,no,42.3756401,-71.2358004
SS&C Technologies Holdings,Technology,Windsor,CT,no,41.8525984,-72.6437022
CUNA Mutual Group,Financials,Madison,WI,no,43.074761,-89.3837613
FMC,Chemicals,Philadelphia,PA,no,39.9527237,-75.1635262
Carlisle,Materials,Scottsdale,AZ,no,33.4942189,-111.926018
American Eagle Outfitters,Retailing,Pittsburgh,PA,no,40.4416941,-79.9900861
Core & Main,Wholesalers,St. Louis,MO,no,38.6280278,-90.1910154
Vertiv Holdings,Industrials,Columbus,OH,no,39.9622601,-83.0007065
Broadridge Financial Solutions,Business Services,Lake Success,NY,no,40.7706572,-73.7176312
Ingles Markets,Food & Drug Stores,Black Mountain,NC,no,35.6176544,-82.3205791
TPG,Financials,Fort Worth,TX,no,32.753177,-97.3327459
Insperity,Business Services,Kingwood,TX,no,30.0497077,-95.1846301
Howmet Aerospace,Aerospace & Defense,Pittsburgh,PA,no,40.4416941,-79.9900861
R.R. Donnelley & Sons,Media,Chicago,IL,no,41.8755616,-87.6244212
Keysight Technologies,Technology,Santa Rosa,CA,no,38.4404925,-122.7141049
Tempur Sealy International,Household Products,Lexington,KY,no,38.0464066,-84.4970393
Scotts Miracle-Gro,Chemicals,Marysville,OH,no,40.2364486,-83.3671432
Equifax,Business Services,Atlanta,GA,no,33.7489924,-84.3902644
Kelly Services,Business Services,Troy,MI,no,42.6055893,-83.1499304
NiSource,Energy,Merrillville,IN,no,41.4828144,-87.3328139
OneMain Holdings,Financials,Evansville,IN,no,37.970495,-87.5715641
DoorDash,Technology,San Francisco,CA,no,37.7790262,-122.419906
Avient,Chemicals,Avon Lake,OH,no,41.510033,-82.0185895
Sanderson Farms,"Food, Beverages & Tobacco",Laurel,MS,no,31.6940509,-89.1306124
TransDigm Group,Aerospace & Defense,Cleveland,OH,no,41.4996574,-81.6936772
Stifel Financial,Financials,St. Louis,MO,no,38.6280278,-90.1910154
JELD-WEN Holding,Materials,Charlotte,NC,no,35.2272086,-80.8430827
Ares Management,Financials,Los Angeles,CA,no,34.0536909,-118.242766
Elanco Animal Health,Health Care,Greenfield,IN,no,39.7855096,-85.7681979
Prologis,Financials,San Francisco,CA,no,37.7790262,-122.419906
Welltower,Financials,Toledo,OH,no,41.6529143,-83.5378173
Darling Ingredients,"Food, Beverages & Tobacco",Irving,TX,no,32.8295183,-96.9442177
Juniper Networks,Technology,Sunnyvale,CA,no,37.3688301,-122.036349
Gartner,Technology,Stamford,CT,no,41.0534302,-73.5387341
Par Pacific Holdings,Energy,Houston,TX,no,29.7589382,-95.3676974
Hubbell,Industrials,Shelton,CT,no,41.3164856,-73.0931641
CME Group,Financials,Chicago,IL,no,41.8755616,-87.6244212
Nexstar Media Group,Media,Irving,TX,no,32.8295183,-96.9442177
Tutor Perini,Engineering & Construction,Sylmar,CA,no,34.3076252,-118.4492148
Antero Resources,Energy,Denver,CO,no,39.7392364,-104.984862
Teledyne Technologies,Aerospace & Defense,Thousand Oaks,CA,no,34.1705609,-118.8375937
Snap-on,Industrials,Kenosha,WI,no,42.5846773,-87.8212263
Rent-A-Center,Retailing,Plano,TX,no,33.0136764,-96.6925096
Covetrus,Health Care,Portland,ME,no,43.6592687,-70.2572642
Crestwood Equity Partners,Energy,Houston,TX,no,29.7589382,-95.3676974
Louisiana-Pacific,Materials,Nashville,TN,no,36.1622767,-86.7742984
Urban Outfitters,Retailing,Philadelphia,PA,no,39.9527237,-75.1635262
Penn Mutual Life Insurance,Financials,Horsham,PA,no,40.1784422,-75.1285061
Amerco,Transportation,Reno,NV,no,39.5261206,-119.8126581
TriNet Group,Business Services,Dublin,CA,no,37.7021521,-121.9357918
Sentry Insurance Group,Financials,Stevens Point,WI,no,44.5229223,-89.574111
Illumina,Technology,San Diego,CA,no,32.7174202,-117.1627728
Iron Mountain,Business Services,Boston,MA,no,42.3554334,-71.060511
LCI Industries,Motor Vehicles & Parts,Elkhart,IN,no,41.6819935,-85.9766671
Marvell Technology,Technology,Wilmington,DE,no,39.7459468,-75.546589
PennyMac Financial Services,Financials,Westlake Village,CA,no,34.1460234,-118.8061794
Digital Realty Trust,Financials,Austin,TX,no,30.2711286,-97.7436995
TreeHouse Foods,"Food, Beverages & Tobacco",Oak Brook,IL,no,41.8328085,-87.9289504
Ralph Lauren,Apparel,New York,NY,no,40.7127281,-74.0060152
Mattress Firm Group,Retailing,Houston,TX,no,29.7589382,-95.3676974
American National Group,Financials,Galveston,TX,no,29.3056996,-94.7933252
Autodesk,Technology,San Rafael,CA,no,37.9747795,-122.5316686
Domino's Pizza,"Hotels, Restaurants & Leisure",Ann Arbor,MI,no,42.2681569,-83.7312291
ASGN,Business Services,Glen Allen,VA,no,37.6659781,-77.506374
Flowers Foods,"Food, Beverages & Tobacco",Thomasville,GA,no,30.8365815,-83.9787808
BlueLinx Holdings,Wholesalers,Marietta,GA,no,33.9528472,-84.5496148
Palo Alto Networks,Technology,Santa Clara,CA,no,37.3541132,-121.955174
Maximus,Technology,Reston,VA,no,38.9583737,-77.3579805
Dentsply Sirona,Health Care,Charlotte,NC,no,35.2272086,-80.8430827
Hub Group,Transportation,Oak Brook,IL,no,41.8328085,-87.9289504
Bread Financial Holdings,Business Services,Columbus,OH,no,39.9622601,-83.0007065
Voya Financial,Financials,New York,NY,no,40.7127281,-74.0060152
Weis Markets,Food & Drug Stores,Sunbury,PA,no,40.8619754,-76.7936252
Century Communities,Engineering & Construction,Greenwood Village,CO,no,39.6172101,-104.950814
Synopsys,Technology,Mountain View,CA,no,49.133333,-113.6
Brink's,Business Services,Richmond,VA,no,37.5385087,-77.43428
Lennox International,Industrials,Richardson,TX,no,32.9481789,-96.7297206
Service Corp. International,Business Services,Houston,TX,no,29.7589382,-95.3676974
Conduent,Business Services,Florham Park,NJ,no,40.7881643,-74.3891647
Timken,Industrials,North Canton,OH,no,40.875891,-81.4023356
Domtar,Materials,Fort Mill,SC,no,35.0073697,-80.9450759
Bloomin' Brands,"Hotels, Restaurants & Leisure",Tampa,FL,no,27.9477595,-82.458444
CNO Financial Group,Financials,Carmel,IN,no,39.9788017,-86.1189257
Snap,Technology,Santa Monica,CA,no,34.0194704,-118.491227
Zoom Video Communications,Technology,San Jose,CA,no,37.3361663,-121.890591
Patrick Industries,Materials,Elkhart,IN,no,41.6819935,-85.9766671
Paychex,Business Services,Rochester,NY,no,43.157285,-77.615214
Atlas Air Worldwide Holdings,Transportation,Purchase,NY,no,41.0409305,-73.7145746
Bright Health Group,Health Care,Minneapolis,MN,no,44.9772995,-93.2654692
Peloton Interactive,"Hotels, Restaurants & Leisure",New York,NY,no,40.7127281,-74.0060152
Country Financial,Financials,Bloomington,IL,no,40.4797828,-88.9939147
Qorvo,Technology,Greensboro,NC,no,36.0726355,-79.7919754
Catalent,Health Care,Somerset,NJ,no,40.2762189,-74.8490528
Mercury General,Financials,Los Angeles,CA,no,34.0536909,-118.242766
AMN Healthcare Services,Health Care,Dallas,TX,yes,32.7762719,-96.7968559
Tri Pointe Homes,Engineering & Construction,Incline Village,NV,no,39.2501246,-119.951909
ArcBest,Transportation,Fort Smith,AR,yes,60.005852,-111.890259
Toro,Industrials,Bloomington,MN,no,44.8322405,-93.3204872
Spirit AeroSystems Holdings,Aerospace & Defense,Wichita,KS,no,37.6922361,-97.3375448
Align Technology,Health Care,Tempe,AZ,no,33.4255117,-111.9400164
loanDepot,Financials,Foothill Ranch,CA,no,37.7501183,-121.4560477
APi Group,Engineering & Construction,New Brighton,MN,no,45.0628999,-93.2060969
American Water Works,Energy,Camden,NJ,yes,39.9448402,-75.1198911
Matson,Transportation,Honolulu,HI,no,21.304547,-157.855676
Diebold Nixdorf,Technology,Hudson,OH,no,41.240056,-81.440667
Marriott Vacations Worldwide,"Hotels, Restaurants & Leisure",Orlando,FL,no,28.5421109,-81.3790304
Terex,Industrials,Norwalk,CT,no,41.1175966,-73.4078968
Sally Beauty Holdings,Retailing,Denton,TX,yes,33.2150386,-97.1330516
Enovis,Industrials,Wilmington,DE,no,39.7459468,-75.546589
IAC,Technology,New York,NY,no,40.7127281,-74.0060152
Meritor,Motor Vehicles & Parts,Troy,MI,no,42.6055893,-83.1499304
Ventas,Financials,Chicago,IL,yes,41.8755616,-87.6244212
GoDaddy,Technology,Tempe,AZ,no,33.4255117,-111.9400164
Regal Rexnord,Industrials,Beloit,WI,no,42.5083272,-89.031784
Puget Energy,Energy,Bellevue,WA,yes,47.6144219,-122.192337
Clean Harbors,Business Services,Norwell,MA,no,42.1617681,-70.7939307
Pinnacle West Capital,Energy,Phoenix,AZ,no,33.4484367,-112.074141
eXp World Holdings,Financials,Bellingham,WA,no,48.7544012,-122.478836
Mueller Industries,Industrials,Collierville,TN,no,35.042036,-89.6645266
Wynn Resorts,"Hotels, Restaurants & Leisure",Las Vegas,NV,no,36.1672559,-115.148516
RH,Retailing,Corte Madera,CA,no,37.9254806,-122.527475
EPAM Systems,Technology,Newtown,PA,no,40.2294046,-74.9365329
M/I Homes,Engineering & Construction,Columbus,OH,no,39.9622601,-83.0007065
Generac Holdings,Industrials,Waukesha,WI,no,43.0116784,-88.2314813
Mettler-Toledo International,Technology,Columbus,OH,no,39.9622601,-83.0007065
Abercrombie & Fitch,Retailing,New Albany,OH,yes,40.0811745,-82.8087864
Teradyne,Technology,North Reading,MA,no,42.5750939,-71.0786653
American Equity Investment Life Holding,Financials,West Des Moines,IA,no,41.5644476,-93.7594059
Southwest Gas Holdings,Energy,Las Vegas,NV,yes,36.1672559,-115.148516
Pitney Bowes,Technology,Stamford,CT,no,41.0534302,-73.5387341
Lamb Weston Holdings,"Food, Beverages & Tobacco",Eagle,ID,no,43.6954424,-116.3540138
Alliant Energy,Energy,Madison,WI,no,43.074761,-89.3837613
Resolute Forest Products,Materials,Calhoun,TN,no,35.296462,-84.7479962
Parsons,Aerospace & Defense,Centreville,VA,yes,38.8403909,-77.4288769
Trimble,Technology,Sunnyvale,CA,no,37.3688301,-122.036349
OGE Energy,Energy,Oklahoma City,OK,no,35.4729886,-97.5170536
Garrett Motion,Motor Vehicles & Parts,Plymouth,MI,no,42.3712,-83.4675021
Winnebago Industries,Motor Vehicles & Parts,Eden Prairie,MN,no,44.8546856,-93.470786
Ciena,Technology,Hanover,MD,no,39.1928853,-76.7241371
PriceSmart,Retailing,San Diego,CA,yes,32.7174202,-117.1627728
Advantage Solutions,Business Services,Irvine,CA,yes,33.6856969,-117.8259819
H&R Block,Financials,Kansas City,MO,no,39.100105,-94.5781416
iHeartMedia,Media,San Antonio,TX,no,29.4246002,-98.4951405
Super Micro Computer,Technology,San Jose,CA,no,37.3361663,-121.890591
Flowserve,Industrials,Irving,TX,no,32.8295183,-96.9442177
Charles River Laboratories International,Health Care,Wilmington,MA,no,42.5464828,-71.1736669
A.O. Smith,Industrials,Milwaukee,WI,no,43.0349931,-87.922497
Rithm Capital,Financials,New York,NY,no,40.7127281,-74.0060152
Medical Mutual of Ohio,Financials,Cleveland,OH,no,41.4996574,-81.6936772
Granite Construction,Engineering & Construction,Watsonville,CA,no,36.9092773,-121.7529071
Valmont Industries,Materials,Omaha,NE,no,41.2587459,-95.9383758
Sprague Resources,Energy,Portsmouth,NH,no,43.0702223,-70.7548621
Primoris Services,Engineering & Construction,Dallas,TX,no,32.7762719,-96.7968559
Cboe Global Markets,Financials,Chicago,IL,no,41.8755616,-87.6244212
Carter's,Apparel,Atlanta,GA,no,33.7489924,-84.3902644
TopBuild,Engineering & Construction,Daytona Beach,FL,no,29.2108147,-81.0228331
SiteOne Landscape Supply,Wholesalers,Roswell,GA,no,34.02332,-84.360022
Texas Roadhouse,"Hotels, Restaurants & Leisure",Louisville,KY,no,38.2542376,-85.759407
Akamai Technologies,Technology,Cambridge,MA,no,42.3655767,-71.1040018
Brown-Forman,"Food, Beverages & Tobacco",Louisville,KY,no,38.2542376,-85.759407
Acuity Brands,Industrials,Atlanta,GA,no,33.7489924,-84.3902644
Navient,Financials,Wilmington,DE,no,39.7459468,-75.546589
Coterra Energy,Energy,Houston,TX,no,29.7589382,-95.3676974
Option Care Health,Health Care,Bannockburn,IL,no,42.1933581,-87.8664579
Floor & Decor Holdings,Retailing,Atlanta,GA,no,33.7489924,-84.3902644
Public Storage,Financials,Glendale,CA,no,34.1469416,-118.2478471
Cabot,Chemicals,Boston,MA,no,42.3554334,-71.060511
Crane Holdings,Industrials,Stamford,CT,no,41.0534302,-73.5387341
Atmos Energy,Energy,Dallas,TX,no,32.7762719,-96.7968559
Selective Insurance Group,Financials,Branchville,NJ,no,41.1464852,-74.7523874
Take-Two Interactive Software,Media,New York,NY,no,40.7127281,-74.0060152
Boyd Gaming,"Hotels, Restaurants & Leisure",Las Vegas,NV,no,36.1672559,-115.148516
Plexus,Technology,Neenah,WI,no,44.1858193,-88.462609
ScanSource,Wholesalers,Greenville,SC,no,34.851354,-82.3984882
Franchise Group,Retailing,Delaware,OH,no,40.2986724,-83.067965
NLV Financial,Financials,Montpelier,VT,no,44.2602164,-72.5751208
CrossAmerica Partners,Energy,Allentown,PA,no,40.6022059,-75.4712794
Mr. Cooper Group,Financials,Coppell,TX,no,32.9552598,-97.0155703
Fortinet,Technology,Sunnyvale,CA,no,37.3688301,-122.036349
Brinker International,"Hotels, Restaurants & Leisure",Dallas,TX,no,32.7762719,-96.7968559
Albemarle,Chemicals,Charlotte,NC,no,35.2272086,-80.8430827
Peabody Energy,Energy,St. Louis,MO,no,38.6280278,-90.1910154
Light & Wonder,"Hotels, Restaurants & Leisure",Las Vegas,NV,no,36.1672559,-115.148516
Evercore,Financials,New York,NY,no,40.7127281,-74.0060152
Stewart Information Services,Financials,Houston,TX,no,29.7589382,-95.3676974
Central Garden & Pet,Household Products,Walnut Creek,CA,no,37.9020731,-122.0618702
GMS,Wholesalers,Tucker,GA,no,33.8532701,-84.2200729
H.B. Fuller,Chemicals,St. Paul,MN,no,44.9497487,-93.0931028
Middleby,Industrials,Elgin,IL,no,42.03726,-88.2810994
Renewable Energy Group,Energy,Ames,IA,yes,42.0267567,-93.6170448
MSC Industrial Direct,Wholesalers,Melville,NY,no,40.7934322,-73.4151214
Vishay Intertechnology,Technology,Malvern,PA,no,40.036202,-75.5138959
Applied Industrial Technologies,Wholesalers,Cleveland,OH,no,41.4996574,-81.6936772
Lincoln Electric Holdings,Industrials,Cleveland,OH,no,41.4996574,-81.6936772
First Horizon,Financials,Memphis,TN,no,35.1460249,-90.0517638
Spirit Airlines,Transportation,Miramar,FL,no,25.9873137,-80.2322706
AptarGroup,Materials,Crystal Lake,IL,no,42.2411344,-88.3161965
Citrix Systems,Technology,Fort Lauderdale,FL,no,26.1223084,-80.1433786
IDEXX Laboratories,Health Care,Westbrook,ME,no,43.6763036,-70.3663874
Tetra Tech,Engineering & Construction,Pasadena,CA,no,49.0139234,-57.5986531
Lyft,Technology,San Francisco,CA,no,37.7790262,-122.419906
Gannett,Media,McLean,VA,no,38.9342888,-77.1776327
ResMed,Health Care,San Diego,CA,no,32.7174202,-117.1627728
Designer Brands,Retailing,Columbus,OH,no,39.9622601,-83.0007065
Graham Holdings,Business Services,Arlington,VA,no,38.8903961,-77.0841585
Vroom,Retailing,New York,NY,no,40.7127281,-74.0060152
Worthington Industries,Materials,Columbus,OH,no,39.9622601,-83.0007065
Calumet Specialty Products Partners,Energy,Indianapolis,IN,no,39.7683331,-86.1583502
Xilinx,Technology,San Jose,CA,yes,37.3361663,-121.890591
TransUnion,Business Services,Chicago,IL,no,41.8755616,-87.6244212
Travel + Leisure,"Hotels, Restaurants & Leisure",Orlando,FL,no,28.5421109,-81.3790304
Topgolf Callaway Brands,"Hotels, Restaurants & Leisure",Carlsbad,CA,no,33.1580933,-117.3505966
Dycom Industries,Engineering & Construction,Palm Beach Gardens,FL,no,26.8233946,-80.1386547
Columbia Sportswear,Apparel,Portland,OR,no,45.5202471,-122.674194
Coherent,Technology,Saxonburg,PA,no,40.7539956,-79.8103943
Change Healthcare,Health Care,Nashville,TN,yes,36.1622767,-86.7742984
Grocery Outlet Holding,Food & Drug Stores,Emeryville,CA,no,37.8314089,-122.2865266
AMC Networks,Media,New York,NY,yes,40.7127281,-74.0060152
Hyster-Yale Materials Handling,Industrials,Cleveland,OH,no,41.4996574,-81.6936772
ChampionX,Energy,The Woodlands,TX,no,30.1734194,-95.504686
Comfort Systems USA,Engineering & Construction,Houston,TX,no,29.7589382,-95.3676974
EQT,Energy,Pittsburgh,PA,no,40.4416941,-79.9900861
Brown & Brown,Financials,Daytona Beach,FL,no,29.2108147,-81.0228331
LGI Homes,Engineering & Construction,The Woodlands,TX,no,30.1734194,-95.504686
Hyatt Hotels,"Hotels, Restaurants & Leisure",Chicago,IL,no,41.8755616,-87.6244212
Comerica,Financials,Dallas,TX,no,32.7762719,-96.7968559
Energizer Holdings,Household Products,St. Louis,MO,no,38.6280278,-90.1910154
Hill-Rom Holdings,Health Care,Chicago,IL,no,41.8755616,-87.6244212
Rackspace Technology,Technology,San Antonio,TX,no,29.4246002,-98.4951405
Verisk Analytics,Business Services,Jersey City,NJ,no,40.7215682,-74.047455
Spectrum Brands Holdings,Household Products,Middleton,WI,no,43.0962919,-89.5119565
Euronet Worldwide,Business Services,Leawood,KS,no,38.966673,-94.6169012
TEGNA,Media,Tysons,VA,no,38.918592,-77.2314723
Vontier,Technology,Raleigh,NC,no,35.7803977,-78.6390989
Cadence Design Systems,Technology,San Jose,CA,no,37.3361663,-121.890591
Incyte,Health Care,Wilmington,DE,no,39.7459468,-75.546589
Match Group,Technology,Dallas,TX,no,32.7762719,-96.7968559
Valvoline,Chemicals,Lexington,KY,no,38.0464066,-84.4970393
EnerSys,Industrials,Reading,PA,no,40.335345,-75.9279495
Avaya Holdings,Technology,Durham,NC,no,35.996653,-78.9018053
UWM Holdings,Financials,Pontiac,MI,no,42.6389216,-83.2910468
Zions Bancorp.,Financials,Salt Lake City,UT,no,40.7596198,-111.886797
Quad/Graphics,Media,Sussex,WI,no,43.1339001,-88.2220372
MKS Instruments,Technology,Andover,MA,no,42.65717,-71.1408776
Arista Networks,Technology,Santa Clara,CA,yes,37.3541132,-121.955174
Interactive Brokers Group,Financials,Greenwich,CT,no,41.0264862,-73.6284598
Range Resources,Energy,Fort Worth,TX,no,32.753177,-97.3327459
Atkore,Industrials,Harvey,IL,no,41.6100344,-87.6467132
Cheesecake Factory,"Hotels, Restaurants & Leisure",Calabasas Hills,CA,no,34.1320029,-118.7108266
First Solar,Energy,Tempe,AZ,no,33.4255117,-111.9400164
Bio-Rad Laboratories,Technology,Hercules,CA,no,38.0171441,-122.2885808
Cooper Cos.,Health Care,San Ramon,CA,no,37.7648021,-121.9544387
Envista Holdings,Health Care,Brea,CA,no,33.9170444,-117.888855
Alight,Business Services,Lincolnshire,IL,no,42.1900249,-87.9084039
Newmark Group,Financials,New York,NY,no,40.7127281,-74.0060152
PC Connection,Wholesalers,Merrimack,NH,no,42.8650864,-71.4934004
Host Hotels & Resorts,Financials,Bethesda,MD,no,38.9814093,-77.1178538
Boston Properties,Financials,Boston,MA,no,42.3554334,-71.060511
Western Midstream Partners,Energy,The Woodlands,TX,no,30.1734194,-95.504686
Magellan Midstream Partners,Energy,Tulsa,OK,no,36.1563122,-95.9927516
Hillenbrand,Industrials,Batesville,IN,yes,39.3000065,-85.222184
Donaldson,Industrials,Minneapolis,MN,no,44.9772995,-93.2654692
Moog,Aerospace & Defense,East Aurora,NY,no,42.7689141,-78.6177611
Hawaiian Electric Industries,Energy,Honolulu,HI,no,21.304547,-157.855676
Five Below,Retailing,Philadelphia,PA,no,39.9527237,-75.1635262
Twilio,Technology,San Francisco,CA,no,37.7790262,-122.419906
Univision Communciations,Media,New York,NY,no,40.7127281,-74.0060152
Annaly Capital Management,Financials,New York,NY,no,40.7127281,-74.0060152
Fleetcor Technologies,Business Services,Atlanta,GA,no,33.7489924,-84.3902644
West Pharmaceutical Services,Health Care,Exton,PA,no,40.0289955,-75.6207651
Green Plains,Energy,Omaha,NE,no,41.2587459,-95.9383758
Cracker Barrel Old Country Store,"Hotels, Restaurants & Leisure",Lebanon,TN,yes,36.2079779,-86.2910945
Virtu Financial,Financials,New York,NY,no,40.7127281,-74.0060152
Teleflex,Health Care,Wayne,PA,no,40.0440149,-75.3878616
Zynga,Media,San Francisco,CA,no,37.7790262,-122.419906
ATI,Materials,Pittsburgh,PA,no,40.4416941,-79.9900861
AppLovin,Technology,Palo Alto,CA,no,37.4443293,-122.1598465
Waters,Technology,Milford,MA,no,42.1413353,-71.5192019
Mutual of America Life Insurance,Financials,New York,NY,no,40.7127281,-74.0060152
Hovnanian Enterprises,Engineering & Construction,Matawan,NJ,no,40.41483,-74.2295891
Amica Mutual Insurance,Financials,Lincoln,RI,no,41.9529237,-71.4663863
Caleres,Retailing,St. Louis,MO,yes,38.6280278,-90.1910154
FTI Consulting,Business Services,Washington,DC,no,38.8950368,-77.0365427
Overstock.com,Retailing,Midvale,UT,no,40.6149174,-111.9106607
Visteon,Motor Vehicles & Parts,Van Buren Township,MI,no,42.2207982,-83.4841464
G-III Apparel Group,Apparel,New York,NY,no,40.7127281,-74.0060152
ITT,Industrials,White Plains,NY,no,41.0339862,-73.7629097
IDEX,Industrials,Northbrook,IL,no,42.128704,-87.8265089
Popular,Financials,Hato Rey,PR,no,18.4205935,-66.0500559
Roku,Media,San Jose,CA,no,37.3361663,-121.890591
Schnitzer Steel Industries,Materials,Portland,OR,yes,45.5202471,-122.674194
Brookdale Senior Living,Health Care,Brentwood,TN,yes,36.0325687,-86.7825235
Werner Enterprises,Transportation,Omaha,NE,no,41.2587459,-95.9383758
Americold Realty Trust,Financials,Atlanta,GA,no,33.7489924,-84.3902644
SkyWest,Transportation,St. George,UT,no,37.104153,-113.5841313
Primerica,Financials,Duluth,GA,no,34.0028569,-84.1441046
McAfee,Technology,San Jose,CA,no,37.3361663,-121.890591
Nu Skin Enterprises,Household Products,Provo,UT,no,40.2337289,-111.6587085
Copart,Retailing,Dallas,TX,no,32.7762719,-96.7968559
PROG Holdings,Financials,Draper,UT,no,40.5247777,-111.8627989
Splunk,Technology,San Francisco,CA,no,37.7790262,-122.419906
MRC Global,Energy,Houston,TX,no,29.7589382,-95.3676974
Stericycle,Business Services,Bannockburn,IL,yes,42.1933581,-87.8664579
Maxim Integrated Products,Technology,San Jose,CA,no,37.3361663,-121.890591
Ensign Group,Health Care,San Juan Capistrano,CA,no,33.5016932,-117.6625509
SM Energy,Energy,Denver,CO,no,39.7392364,-104.984862
Kaiser Aluminum,Materials,Foothill Ranch,CA,no,37.7501183,-121.4560477
Federated Mutual Insurance,Financials,Owatonna,MN,no,44.0839937,-93.2261076
F5,Technology,Seattle,WA,no,47.6038321,-122.330062
Steelcase,Household Products,Grand Rapids,MI,yes,42.9632425,-85.6678639
Encore Wire,Industrials,McKinney,TX,no,33.1976496,-96.6154471
Guess,Retailing,Los Angeles,CA,no,34.0536909,-118.242766
Playtika Holding,Media,Henderson,NV,no,36.0301134,-114.9826194
Pinterest,Technology,San Francisco,CA,no,37.7790262,-122.419906
WeWork,Financials,New York,NY,no,40.7127281,-74.0060152
ManTech International,Technology,Herndon,VA,no,38.9695316,-77.3859479
BrightView Holdings,Business Services,Blue Bell,PA,no,40.152331,-75.266289
NortonLifeLock,Technology,Tempe,AZ,no,33.4255117,-111.9400164
Deckers Outdoor,Apparel,Goleta,CA,no,34.4358295,-119.8276389
Griffon,Materials,New York,NY,no,40.7127281,-74.0060152
AMC Entertainment Holdings,Media,Leawood,KS,no,38.966673,-94.6169012
Curtiss-Wright,Industrials,Davidson,NC,yes,35.4992614,-80.8485218
MYR Group,Engineering & Construction,Henderson,CO,no,39.9205405,-104.8658084
Kontoor Brands,Apparel,Greensboro,NC,no,36.0726355,-79.7919754
Liberty Energy,Energy,Denver,CO,no,39.7392364,-104.984862
Knights of Columbus,Financials,New Haven,CT,no,41.3082138,-72.9250518
AdaptHealth,Health Care,Plymouth Meeting,PA,no,40.102332,-75.2743467
MillerKnoll,Household Products,Zeeland,MI,yes,42.8124349,-86.0288167
Equity Residential,Financials,Chicago,IL,no,41.8755616,-87.6244212
DexCom,Health Care,San Diego,CA,no,32.7174202,-117.1627728
Rollins,Business Services,Atlanta,GA,no,33.7489924,-84.3902644
Genesco,Retailing,Nashville,TN,yes,36.1622767,-86.7742984
Bruker,Technology,Billerica,MA,no,42.5584264,-71.268947
Joann,Retailing,Hudson,OH,no,41.240056,-81.440667
Wolverine World Wide,Apparel,Rockford,MI,no,43.119721,-85.559604
Gray Television,Media,Atlanta,GA,no,33.7489924,-84.3902644
Affiliated Managers Group,Financials,West Palm Beach,FL,no,26.715364,-80.0532942
Summit Materials,Materials,Denver,CO,yes,39.7392364,-104.984862
SLM,Financials,Newark,DE,no,39.6775927,-75.7630866
Belden,Industrials,St. Louis,MO,no,38.6280278,-90.1910154
Allison Transmission Holdings,Motor Vehicles & Parts,Indianapolis,IN,no,39.7683331,-86.1583502
Element Solutions,Chemicals,Fort Lauderdale,FL,no,26.1223084,-80.1433786
Portland General Electric,Energy,Portland,OR,yes,45.5202471,-122.674194
REV Group,Motor Vehicles & Parts,Brookfield,WI,no,43.0578479,-88.1261984
Acadia Healthcare,Health Care,Franklin,TN,no,35.925206,-86.8689419
Alexandria Real Estate Equities,Financials,Pasadena,CA,no,49.0139234,-57.5986531
Nordson,Industrials,Westlake,OH,no,41.4553232,-81.9179174
NewMarket,Chemicals,Richmond,VA,no,37.5385087,-77.43428
Ohio National Mutual,Financials,Cincinnati,OH,yes,39.1014537,-84.5124602
Stepan,Chemicals,Northbrook,IL,no,42.128704,-87.8265089
Valhi,Chemicals,Dallas,TX,no,32.7762719,-96.7968559
Hilton Grand Vacations,"Hotels, Restaurants & Leisure",Orlando,FL,no,28.5421109,-81.3790304
Cooper-Standard Holdings,Motor Vehicles & Parts,Northville,MI,no,42.4310816,-83.4832339
Etsy,Technology,Brooklyn,NY,no,42.3442482,-75.1704468
Crocs,Apparel,Broomfield,CO,no,39.9403995,-105.05208
Olympic Steel,Materials,Highland Hills,OH,no,41.448387,-81.51901
Signature Bank,Financials,New York,NY,no,40.7127281,-74.0060152
SBA Communications,Financials,Boca Raton,FL,no,26.3586885,-80.0830984
Murphy Oil,Energy,Houston,TX,no,29.7589382,-95.3676974
Entegris,Technology,Billerica,MA,no,42.5584264,-71.268947
AvalonBay Communities,Financials,Arlington,VA,no,38.8903961,-77.0841585
Saia,Transportation,Johns Creek,GA,no,34.0181557,-84.190196
E.W. Scripps,Media,Cincinnati,OH,no,39.1014537,-84.5124602
TTEC Holdings,Technology,Englewood,CO,no,39.6482059,-104.9879641
Sun Communities,Financials,Southfield,MI,no,42.4733689,-83.2218731
Alpha Metallurgical Resources,Energy,Bristol,TN,no,36.5945034,-82.1885212
GEO Group,Business Services,Boca Raton,FL,no,26.3586885,-80.0830984
Viasat,Technology,Carlsbad,CA,no,33.1580933,-117.3505966
Benchmark Electronics,Technology,Tempe,AZ,no,33.4255117,-111.9400164
Kar Auction Services,Wholesalers,Carmel,IN,no,39.9788017,-86.1189257
TTM Technologies,Technology,Santa Ana,CA,no,33.7494951,-117.8732213
Kirby,Transportation,Houston,TX,no,29.7589382,-95.3676974
Woodward,Aerospace & Defense,Fort Collins,CO,no,40.5508527,-105.0668085
Clear Channel Outdoor Holdings,Business Services,San Antonio,TX,no,29.4246002,-98.4951405
Spire,Energy,St. Louis,MO,yes,38.6280278,-90.1910154
Vista Outdoor,Business Services,Anoka,MN,no,45.1977428,-93.3871758
Surgery Partners,Health Care,Brentwood,TN,no,36.0325687,-86.7825235
LHC Group,Health Care,Lafayette,LA,no,30.2043259,-92.0298813
Amedisys,Health Care,Baton Rouge,LA,no,30.4494155,-91.1869659
Century Aluminum,Materials,Chicago,IL,no,41.8755616,-87.6244212
Arch Resources,Energy,St. Louis,MO,no,38.6280278,-90.1910154
Aerojet Rocketdyne Holdings,Aerospace & Defense,El Segundo,CA,yes,33.917028,-118.4156337
Sleep Number,Retailing,Minneapolis,MN,yes,44.9772995,-93.2654692
HNI,Household Products,Muscatine,IA,no,41.4246132,-91.0436508
Pure Storage,Technology,Mountain View,CA,no,49.133333,-113.6
TrueBlue,Business Services,Tacoma,WA,no,47.2455013,-122.438329
Party City Holdco,Retailing,Elmsford,NY,no,41.0550969,-73.8201338
Dun & Bradstreet Holdings,Business Services,Jacksonville,FL,no,30.3321838,-81.655651
Dropbox,Technology,San Francisco,CA,no,37.7790262,-122.419906
New Jersey Resources,Energy,Wall,NJ,no,40.1743052,-74.0902219
Acushnet Holdings,"Hotels, Restaurants & Leisure",Fairhaven,MA,no,41.6376043,-70.9036487
Harsco,Business Services,Camp Hill,PA,no,40.2398118,-76.9199742
Beazer Homes USA,Engineering & Construction,Atlanta,GA,no,33.7489924,-84.3902644
Chemed,Health Care,Cincinnati,OH,no,39.1014537,-84.5124602
Genesis Energy,Energy,Houston,TX,no,29.7589382,-95.3676974
BWX Technologies,Aerospace & Defense,Lynchburg,VA,no,37.4137536,-79.1422464
Vizio Holding,Industrials,Irvine,CA,no,33.6856969,-117.8259819
1-800-Flowers.com,Retailing,Jericho,NY,no,40.7920441,-73.5398476
Cowen,Financials,New York,NY,no,40.7127281,-74.0060152
Ashland,Chemicals,Wilmington,DE,no,39.7459468,-75.546589
DocuSign,Technology,San Francisco,CA,no,37.7790262,-122.419906
